period,hit_rate
500,0.5305552971816575
750,0.5386162698227066
900,0.5353722655149751
1000,0.5332439299830605
1100,0.5306810678237902
1250,0.5272873574099494
1500,0.5218788686791734
