st_200,st_50,st_14,avg_ret,samples,win_rate,Interpretacao
-1,-1,-1,0.05722426077853679,19400,50.04123711340206,[BAIXA] QUEDA LIVRE (Sincronia)
-1,-1,1,-0.005896473587506954,1549,46.481601032924466,[REPIQUE] EM BAIXA
-1,1,-1,0.012835739682274678,127,48.031496062992126,---
-1,1,1,-0.022871596833355472,943,47.61399787910923,[REPIQUE] EM BAIXA
1,-1,-1,0.009466069162606037,896,43.191964285714285,[PULLBACK] EM TENDENCIA
1,-1,1,0.051332950876657985,88,48.86363636363637,---
1,1,-1,0.07769315937023027,1545,52.68608414239482,[PULLBACK] EM TENDENCIA
1,1,1,0.038270194874969125,18831,49.0998884817588,[ALTA] SAUDE MAXIMA (Sincronia)
